Nation,Year,Topic 1,Topic 2,Topic 3,Topic 4,Topic 5,Topic 6,Topic 7,other
Lebanon,2017,0,0,2,0,0,0,0,0
Afghanistan,2016,0,0,1,0,0,0,0,0
Afghanistan,2017,0,0,0,1,0,0,4,0
Afghanistan,2018,0,0,0,0,0,0,1,0
Afghanistan,2020,1,0,2,0,0,0,1,0
Afghanistan,2022,0,0,1,0,0,1,1,0
Afghanistan,2023,0,0,1,0,0,0,0,0
Albania,2019,0,0,0,0,0,0,1,0
Albania,2021,2,0,0,0,0,0,1,0
Albania,2023,0,1,0,0,0,0,0,0
Algeria,2017,0,2,2,1,0,0,1,0
Algeria,2018,0,0,3,1,0,0,1,4
Algeria,2019,0,0,0,0,0,0,2,0
Algeria,2020,0,0,0,0,0,0,2,0
Algeria,2021,1,0,0,0,0,0,0,0
Algeria,2022,0,1,4,0,0,1,3,0
Algeria,2023,0,0,0,0,0,0,1,0
Algeria,2024,0,0,1,0,0,0,0,0
Andorra,2015,0,0,1,0,0,0,0,0
Andorra,2016,0,0,0,0,0,0,1,0
Andorra,2021,0,1,0,0,0,0,1,0
Andorra,2023,0,0,0,0,0,0,1,0
Angola,2016,0,0,0,0,0,0,1,0
Angola,2018,0,0,1,0,0,0,0,0
Angola,2020,0,1,0,0,0,0,0,0
Angola,2023,0,0,1,0,0,0,0,0
Angola,2024,0,0,1,0,0,0,0,0
Antigua And Barbuda,2017,0,0,1,0,0,0,0,0
Antigua And Barbuda,2018,0,0,1,0,0,0,0,0
Argentina,2015,0,0,1,0,0,0,6,2
Argentina,2016,1,2,1,3,0,0,4,0
Argentina,2017,2,6,4,1,1,3,10,0
Argentina,2018,0,0,6,2,0,2,10,0
Argentina,2019,0,3,5,2,1,0,5,0
Argentina,2020,1,3,4,7,0,1,7,0
Argentina,2021,4,3,4,2,0,4,3,0
Argentina,2022,0,2,7,1,0,4,6,0
Argentina,2023,0,2,1,0,0,2,1,0
Argentina,2024,3,2,1,0,0,2,5,0
Australia,2015,3,18,17,2,3,6,41,3
Australia,2016,5,30,32,19,2,2,36,1
Australia,2017,2,66,59,38,6,8,120,0
Australia,2018,7,32,103,30,5,26,111,1
Australia,2019,15,41,107,31,8,33,143,6
Australia,2020,9,47,74,29,9,44,122,4
Australia,2021,22,55,108,33,12,31,112,2
Australia,2022,16,55,157,43,11,56,108,1
Australia,2023,11,61,121,20,14,44,103,3
Australia,2024,8,71,119,27,9,48,84,4
Austria,2015,1,0,54,0,0,0,20,0
Austria,2016,0,4,51,0,0,0,10,0
Austria,2017,1,5,24,1,0,0,11,0
Austria,2018,0,2,9,1,1,2,7,0
Austria,2019,0,2,22,15,0,4,8,0
Austria,2020,3,9,14,5,0,2,11,0
Austria,2021,1,3,19,7,1,6,6,0
Austria,2022,1,7,9,1,0,1,9,1
Austria,2023,3,1,4,7,1,5,8,0
Austria,2024,2,5,16,2,1,5,8,1
Azerbaijan,2015,0,1,0,0,0,0,0,0
Azerbaijan,2016,2,0,0,0,0,0,0,0
Azerbaijan,2017,0,0,0,1,0,0,1,0
Azerbaijan,2018,0,0,0,0,0,0,1,0
Azerbaijan,2019,0,2,0,0,0,1,1,0
Azerbaijan,2020,0,0,0,0,0,0,1,0
Azerbaijan,2022,0,0,0,0,0,1,1,0
Azerbaijan,2023,0,0,2,0,0,0,0,0
Azerbaijan,2024,0,1,0,1,0,0,0,0
Bahamas,2017,0,0,0,1,0,0,0,0
Bahamas,2018,0,0,1,1,0,0,0,0
Bahamas,2019,0,0,0,1,0,0,3,0
Bahamas,2020,0,0,0,0,0,1,2,0
Bahamas,2021,0,0,0,0,0,0,3,0
Bahamas,2022,0,0,1,0,1,0,4,0
Bahamas,2023,1,0,0,0,0,0,2,0
Bahamas,2024,0,0,1,0,0,0,2,1
Bahrain,2017,0,0,1,0,0,0,2,0
Bahrain,2018,0,0,0,0,1,0,0,0
Bahrain,2019,0,0,1,0,0,0,0,0
Bahrain,2020,0,1,1,2,0,1,2,0
Bahrain,2021,0,0,1,0,0,0,0,0
Bahrain,2022,0,0,1,0,0,0,1,0
Bahrain,2024,0,2,3,0,1,1,0,0
Bangladesh,2015,0,1,0,0,0,0,0,1
Bangladesh,2016,0,3,1,5,0,0,2,1
Bangladesh,2017,0,0,6,5,0,3,12,1
Bangladesh,2018,1,1,4,2,0,2,6,0
Bangladesh,2019,1,0,1,0,0,1,8,0
Bangladesh,2020,0,1,0,0,0,0,1,0
Bangladesh,2021,3,2,3,3,0,1,7,0
Bangladesh,2022,0,1,5,1,1,1,2,0
Bangladesh,2023,0,1,2,1,0,0,4,0
Bangladesh,2024,1,0,2,0,1,5,8,0
Barbados,2017,0,0,0,0,0,1,0,0
Barbados,2018,0,1,0,0,0,0,1,0
Barbados,2019,0,0,1,0,0,0,1,0
Barbados,2020,0,0,0,0,0,0,4,0
Barbados,2021,0,0,1,0,1,0,0,0
Barbados,2023,0,1,1,2,0,0,1,0
Barbados,2024,0,0,2,0,0,0,0,0
Belarus,2018,0,1,0,0,0,0,0,0
Belarus,2020,0,0,1,0,0,0,1,0
Belarus,2021,0,1,0,0,0,0,1,0
Belarus,2023,0,1,0,0,0,0,1,0
Belarus,2024,0,1,0,0,0,0,1,0
Belgium,2015,4,8,2,0,0,1,4,0
Belgium,2016,2,11,13,4,0,3,8,1
Belgium,2017,4,19,28,23,4,18,23,1
Belgium,2018,7,18,65,8,1,20,28,0
Belgium,2019,5,7,57,4,3,16,41,0
Belgium,2020,5,15,20,6,4,9,9,0
Belgium,2021,7,9,61,10,13,21,28,2
Belgium,2022,7,21,81,23,4,37,36,0
Belgium,2023,11,16,57,10,5,22,30,2
Belgium,2024,3,22,48,7,5,17,20,1
Belize,2017,0,0,0,0,0,0,1,0
Belize,2019,0,0,0,1,0,0,0,0
Belize,2021,0,1,0,0,0,0,0,0
Belize,2024,0,0,0,0,0,0,1,0
Benin,2017,1,0,0,0,0,0,0,0
Benin,2022,0,1,0,1,0,1,0,0
Bermuda,2018,0,0,0,0,0,0,1,0
Bermuda,2019,0,3,2,0,0,0,0,0
Bermuda,2023,0,0,0,0,0,0,3,0
Bermuda,2024,0,0,0,0,0,1,0,0
Bhutan,2017,0,1,1,0,0,0,0,0
Bhutan,2024,0,0,0,0,0,0,1,0
Bolivia,2016,0,0,0,0,0,1,1,0
Bolivia,2017,0,2,0,2,0,0,1,0
Bolivia,2018,0,0,1,1,0,1,0,0
Bolivia,2019,0,0,2,0,0,0,0,0
Bolivia,2020,0,2,5,2,1,0,0,0
Bolivia,2021,0,0,8,1,0,4,3,0
Bolivia,2022,0,0,5,1,0,3,3,0
Bolivia,2023,0,1,8,4,0,7,3,0
Bolivia,2024,1,3,6,1,0,4,3,1
Bosnia and Herzegovina,2016,0,0,0,0,0,0,1,0
Bosnia and Herzegovina,2017,0,0,0,0,0,0,1,0
Bosnia and Herzegovina,2018,0,0,3,0,1,0,1,0
Bosnia and Herzegovina,2020,0,0,1,0,0,1,0,0
Bosnia and Herzegovina,2021,0,0,2,0,0,0,0,0
Bosnia and Herzegovina,2023,0,0,2,0,0,0,1,0
Botswana,2017,0,0,0,0,0,0,0,2
Botswana,2018,0,0,0,1,0,0,0,0
Botswana,2019,0,0,0,0,0,0,1,1
Botswana,2020,0,2,0,0,0,0,0,0
Botswana,2021,0,0,0,0,0,0,1,0
Botswana,2024,0,0,0,0,0,1,1,0
Brazil,2015,0,3,2,0,0,9,18,13
Brazil,2016,0,12,10,5,1,1,14,17
Brazil,2017,2,19,22,7,1,4,24,3
Brazil,2018,0,8,51,5,2,10,29,3
Brazil,2019,4,4,17,8,1,2,21,5
Brazil,2020,1,2,25,3,0,7,16,6
Brazil,2021,20,10,44,8,1,5,26,5
Brazil,2022,3,8,46,10,1,9,36,5
Brazil,2023,5,18,57,6,1,4,21,2
Brazil,2024,24,30,331,38,10,79,252,4
Brunei,2019,0,0,0,0,0,0,2,0
Brunei,2022,0,0,1,0,0,0,0,0
Brunei,2023,0,0,1,0,0,0,0,0
Brunei,2024,0,0,1,0,0,2,0,0
Bulgaria,2016,0,0,0,0,0,0,1,0
Bulgaria,2017,0,1,1,1,0,0,6,0
Bulgaria,2018,0,0,4,0,0,1,1,0
Bulgaria,2019,0,1,2,0,0,1,0,1
Bulgaria,2020,0,1,1,0,0,0,1,0
Bulgaria,2021,0,1,1,0,0,2,3,0
Bulgaria,2022,0,1,1,0,0,1,8,0
Bulgaria,2023,0,0,1,0,0,0,1,0
Bulgaria,2024,1,0,0,0,0,1,1,0
Burkina Faso,2019,0,0,0,0,0,0,1,0
Burundi,2016,1,0,0,0,0,0,0,0
Burundi,2024,0,0,0,0,0,0,1,0
Cabo Verde,2024,0,0,0,1,0,0,0,0
Cambodia,2016,0,1,0,0,0,0,0,0
Cambodia,2017,0,1,0,0,0,0,0,1
Cambodia,2019,0,1,0,1,0,0,0,0
Cambodia,2021,0,0,1,0,0,0,1,0
Cambodia,2023,0,0,0,1,0,0,1,0
Cambodia,2024,0,2,2,0,0,2,0,0
Cameroon,2016,0,1,0,0,0,0,0,0
Cameroon,2017,0,1,1,0,0,0,1,0
Cameroon,2019,0,0,1,0,0,0,0,0
Cameroon,2020,0,0,0,0,0,0,1,0
Cameroon,2021,0,0,0,0,0,1,1,0
Cameroon,2023,0,0,0,0,0,1,0,1
Cameroon,2024,0,0,0,0,0,0,1,0
Canada,2015,8,35,22,3,8,5,66,8
Canada,2016,8,78,38,46,11,23,67,4
Canada,2017,20,98,168,64,9,18,172,1
Canada,2018,20,41,181,72,5,42,202,4
Canada,2019,27,94,177,43,8,45,205,2
Canada,2020,24,68,132,52,7,85,175,4
Canada,2021,39,78,200,81,39,162,219,14
Canada,2022,29,88,234,61,36,150,256,7
Canada,2023,27,103,209,54,23,76,213,7
Canada,2024,33,106,205,67,35,128,173,6
Central African Republic,2024,0,0,0,1,2,1,0,0
Chad,2020,0,0,0,0,0,0,1,1
Chile,2015,0,1,0,0,0,0,1,0
Chile,2016,0,2,1,1,0,0,1,0
Chile,2017,0,3,0,1,0,0,6,0
Chile,2018,0,0,2,1,0,3,0,1
Chile,2019,0,1,1,1,0,0,6,0
Chile,2020,1,2,1,0,0,2,4,0
Chile,2021,6,1,0,1,0,0,6,0
Chile,2022,1,5,2,1,0,2,7,1
Chile,2023,0,4,6,3,0,3,9,0
Chile,2024,0,0,0,0,0,0,3,0
China,2015,11,18,243,16,5,37,156,12
China,2016,6,23,332,46,10,72,196,20
China,2017,74,22,730,56,10,184,171,15
China,2018,87,60,1188,129,28,520,537,80
China,2019,51,97,1081,94,25,202,557,43
China,2020,43,94,950,116,40,168,488,58
China,2021,59,95,1178,148,40,252,451,119
China,2022,83,76,1029,86,27,196,352,73
China,2023,242,139,2286,234,33,930,587,113
China,2024,909,853,43833,1050,645,7726,5441,3667
Colombia,2015,0,2,2,0,0,0,2,2
Colombia,2016,0,4,2,2,0,0,1,0
Colombia,2017,0,10,9,3,0,0,13,0
Colombia,2018,0,5,4,5,1,2,12,0
Colombia,2019,0,4,8,2,0,1,9,0
Colombia,2020,1,0,9,5,2,3,4,1
Colombia,2021,3,8,7,1,1,3,8,2
Colombia,2022,3,10,9,10,3,2,17,1
Colombia,2023,2,5,10,2,1,6,4,1
Colombia,2024,0,5,11,1,1,4,7,0
Columbia,2024,0,0,0,1,0,1,0,0
Congo,2016,1,1,1,0,0,0,0,0
Congo,2017,0,0,2,0,0,0,0,0
Congo,2020,0,1,1,0,0,0,0,0
Congo,2021,0,0,1,0,0,0,0,0
Congo,2024,0,1,0,0,0,0,0,0
Costa Rica,2015,0,0,1,0,0,1,4,0
Costa Rica,2016,0,0,2,0,0,0,26,0
Costa Rica,2017,0,2,4,1,0,0,5,0
Costa Rica,2018,0,0,3,1,0,3,7,0
Costa Rica,2019,2,0,1,1,0,0,5,0
Costa Rica,2020,0,1,2,0,0,2,1,0
Costa Rica,2021,0,1,2,1,1,0,0,0
Costa Rica,2022,0,0,2,0,0,1,1,0
Costa Rica,2023,0,0,0,0,0,2,0,0
Costa Rica,2024,0,2,0,0,1,1,2,0
Croatia,2015,0,0,0,0,0,0,0,1
Croatia,2016,0,5,1,1,0,0,1,0
Croatia,2017,0,3,3,1,1,1,2,0
Croatia,2018,0,3,0,1,0,1,0,0
Croatia,2019,0,0,2,2,0,0,2,0
Croatia,2020,2,0,1,1,0,1,1,0
Croatia,2021,2,0,0,0,1,0,0,0
Croatia,2022,1,0,3,1,0,2,2,0
Croatia,2023,0,1,2,1,1,2,2,0
Croatia,2024,0,2,3,0,1,1,4,0
Cuba,2015,0,0,0,0,0,0,0,1
Cuba,2017,0,0,1,0,0,0,1,0
Cuba,2022,0,1,0,0,0,0,1,0
Cuba,2023,0,1,0,0,0,0,1,0
Cuba,2024,0,0,0,0,0,0,1,0
Cyprus,2015,0,0,0,0,0,2,0,0
Cyprus,2016,0,0,1,0,0,0,0,0
Cyprus,2017,0,1,0,0,0,0,5,0
Cyprus,2018,0,0,0,1,0,0,2,0
Cyprus,2019,0,3,0,0,0,0,0,0
Cyprus,2020,0,1,0,0,1,1,1,0
Cyprus,2021,13,3,1,0,1,4,2,0
Cyprus,2022,0,1,11,0,0,0,3,0
Cyprus,2023,0,0,3,0,0,4,1,0
Cyprus,2024,0,1,3,0,0,1,3,0
Czech Republic,2016,0,2,0,1,0,0,1,0
Czech Republic,2017,0,3,3,0,0,0,2,0
Czech Republic,2018,0,3,1,0,1,0,0,1
Czech Republic,2019,1,2,0,0,0,0,5,0
Czech Republic,2020,1,2,2,0,1,2,2,0
Czech Republic,2021,3,5,5,0,1,3,1,0
Czech Republic,2022,0,4,9,3,1,2,3,1
Czech Republic,2023,0,4,3,5,0,1,5,0
Czech Republic,2024,3,6,11,1,0,1,2,0
Czechia,2017,0,0,0,0,0,0,1,0
Czechia,2022,0,1,0,1,0,0,0,0
Côte D'Ivoire,2016,0,1,0,0,0,0,0,0
Côte D'Ivoire,2017,0,0,3,0,0,0,1,0
Côte D'Ivoire,2018,0,0,0,1,0,0,0,0
Côte D'Ivoire,2019,0,0,0,1,0,0,0,0
Côte D'Ivoire,2024,0,0,0,0,0,0,1,0
Denmark,2015,2,5,2,1,0,0,4,0
Denmark,2016,0,4,1,1,0,0,1,0
Denmark,2017,1,6,9,6,0,1,10,0
Denmark,2018,0,4,6,1,0,2,9,0
Denmark,2019,2,5,7,0,1,3,7,0
Denmark,2020,2,1,10,2,1,3,11,0
Denmark,2021,0,3,2,4,0,7,9,0
Denmark,2022,3,2,15,7,3,10,20,0
Denmark,2023,3,10,33,11,2,20,22,0
Denmark,2024,0,4,12,2,4,13,4,0
Djibouti,2017,0,0,0,0,0,0,1,0
Djibouti,2024,0,0,0,0,0,1,0,0
Dominican Republic,2015,0,0,0,0,0,0,2,1
Dominican Republic,2016,0,0,0,0,0,1,0,0
Dominican Republic,2017,0,3,0,1,0,2,1,0
Dominican Republic,2018,1,0,2,0,0,0,2,0
Dominican Republic,2019,0,0,0,0,0,1,1,0
Dominican Republic,2020,0,0,1,0,0,1,1,0
Dominican Republic,2021,2,1,1,2,0,0,0,0
Dominican Republic,2022,0,1,0,0,0,0,2,0
Dominican Republic,2023,0,1,1,1,0,1,1,0
Dominican Republic,2024,0,0,1,0,0,0,0,0
Ecuador,2015,0,1,0,0,0,0,2,0
Ecuador,2016,0,1,0,1,0,0,0,0
Ecuador,2017,0,3,0,1,0,0,2,0
Ecuador,2018,3,9,15,4,0,2,5,1
Ecuador,2019,3,2,19,4,1,1,6,0
Ecuador,2020,0,1,1,0,0,0,0,0
Ecuador,2021,2,0,2,0,0,1,2,0
Ecuador,2022,0,0,1,0,0,2,0,0
Ecuador,2023,1,0,1,0,0,0,1,0
Ecuador,2024,0,0,2,0,0,0,0,0
Egypt,2015,0,2,0,0,0,0,5,1
Egypt,2016,0,3,0,0,0,0,3,0
Egypt,2017,0,0,2,1,3,1,13,0
Egypt,2018,0,1,6,3,0,3,6,1
Egypt,2019,0,2,3,4,0,2,4,1
Egypt,2020,0,1,4,7,0,5,6,1
Egypt,2021,3,4,1,0,0,3,6,1
Egypt,2022,1,4,18,7,0,2,4,1
Egypt,2023,0,6,3,1,1,1,5,2
Egypt,2024,0,1,7,1,0,4,6,0
El Salvador,2016,0,1,1,0,0,0,1,0
El Salvador,2017,0,1,0,2,0,1,3,0
El Salvador,2018,0,0,0,0,0,1,1,0
El Salvador,2019,0,1,0,0,0,1,1,0
El Salvador,2020,0,0,2,0,0,3,2,1
El Salvador,2021,0,1,0,0,0,0,2,0
El Salvador,2022,1,0,0,0,0,0,0,0
El Salvador,2023,0,0,1,0,0,0,0,0
El Salvador,2024,0,0,1,0,0,1,3,0
Equatorial Guinea,2022,0,0,0,0,0,0,1,0
Equatorial Guinea,2023,0,0,0,0,0,0,1,0
Equatorial Guinea,2024,0,0,0,0,0,0,1,0
Eritrea,2024,0,0,1,0,0,0,0,0
Estonia,2015,0,1,0,0,0,0,1,0
Estonia,2016,0,1,0,0,0,0,0,0
Estonia,2017,0,1,1,1,0,1,2,0
Estonia,2018,0,0,1,0,0,0,0,0
Estonia,2019,2,0,4,1,0,1,4,0
Estonia,2020,1,1,1,0,0,0,4,0
Estonia,2021,1,1,8,1,0,4,2,0
Estonia,2022,1,2,12,2,0,2,2,0
Estonia,2023,1,0,4,0,2,0,2,0
Estonia,2024,0,2,4,0,0,2,3,0
Eswatini,2019,0,1,1,0,0,0,0,0
Ethiopia,2016,0,0,0,0,0,1,0,0
Ethiopia,2017,0,0,0,0,0,0,2,0
Ethiopia,2018,0,0,0,0,0,0,1,0
Ethiopia,2019,0,1,0,0,1,1,2,0
Ethiopia,2020,0,0,1,0,0,0,0,0
Ethiopia,2021,0,0,0,0,0,0,2,0
Ethiopia,2022,0,0,0,0,0,0,1,0
Ethiopia,2023,0,0,0,0,0,0,2,0
Ethiopia,2024,0,1,2,2,0,0,1,0
Fiji,2017,0,0,0,0,0,0,1,0
Fiji,2018,0,0,0,0,0,0,6,0
Fiji,2019,0,0,0,0,0,0,3,0
Fiji,2024,0,0,0,0,0,0,1,0
Finland,2015,1,5,1,0,0,0,4,0
Finland,2016,1,4,2,0,0,1,4,0
Finland,2017,0,6,5,5,1,0,11,0
Finland,2018,1,2,6,3,0,4,8,0
Finland,2019,3,5,14,8,1,0,15,0
Finland,2020,3,4,5,2,1,3,11,0
Finland,2021,2,8,17,9,3,8,19,1
Finland,2022,1,5,20,8,0,3,13,0
Finland,2023,6,7,20,0,2,28,8,0
Finland,2024,1,5,4,1,0,2,2,0
France,2015,1,14,7,4,0,2,26,1
France,2016,3,25,17,15,1,5,17,1
France,2017,5,49,69,27,3,20,65,0
France,2018,9,31,107,31,3,22,87,3
France,2019,28,41,216,56,5,48,158,1
France,2020,13,32,155,48,4,51,92,0
France,2021,34,52,297,44,12,50,97,5
France,2022,25,79,215,33,8,44,97,5
France,2023,24,56,191,40,4,20,85,0
France,2024,12,40,166,32,10,39,53,2
Gabon,2020,0,0,0,0,0,0,1,0
Gabon,2022,0,1,0,0,0,0,0,0
Gambia,2019,0,0,0,0,0,0,1,0
Gambia,2022,0,1,0,0,0,0,0,0
Georgia,2016,0,1,5,0,0,0,2,0
Georgia,2017,0,0,4,0,9,1,2,0
Georgia,2018,0,0,0,0,0,0,1,0
Georgia,2019,0,0,0,0,0,0,1,0
Georgia,2020,0,3,1,1,0,0,5,0
Georgia,2021,0,0,1,1,0,0,4,0
Georgia,2022,0,2,2,1,0,1,1,0
Georgia,2023,1,0,0,0,0,0,0,0
Georgia,2024,0,1,0,0,0,0,0,0
Germany,2015,4,10,6,1,0,0,14,2
Germany,2016,1,15,23,17,0,3,23,1
Germany,2017,6,60,73,42,3,7,99,1
Germany,2018,7,63,136,41,7,22,175,7
Germany,2019,9,40,209,34,9,35,211,5
Germany,2020,13,35,133,24,6,71,110,3
Germany,2021,28,51,173,46,8,76,94,6
Germany,2022,28,79,162,47,4,56,133,4
Germany,2023,4,71,101,25,10,36,101,4
Germany,2024,15,64,172,44,15,94,123,7
Ghana,2015,0,0,0,1,0,1,6,1
Ghana,2016,0,0,0,1,0,0,1,1
Ghana,2017,0,8,14,0,0,1,6,0
Ghana,2018,0,0,3,2,1,1,3,0
Ghana,2019,0,0,17,4,0,1,10,5
Ghana,2020,0,0,1,0,0,8,8,0
Ghana,2021,2,1,10,3,0,4,5,0
Ghana,2022,0,1,8,4,0,4,7,1
Ghana,2023,0,3,1,0,0,1,6,0
Ghana,2024,1,3,6,0,1,1,6,0
Greece,2015,0,3,6,0,0,0,7,0
Greece,2016,1,6,3,2,0,0,2,0
Greece,2017,1,7,12,3,1,4,8,0
Greece,2018,0,3,8,2,0,0,6,0
Greece,2019,0,3,10,4,0,0,7,0
Greece,2020,1,3,5,4,0,4,4,0
Greece,2021,2,2,5,5,0,3,3,0
Greece,2022,4,4,19,7,2,6,2,0
Greece,2023,1,5,9,2,0,0,20,0
Greece,2024,0,4,14,3,1,6,12,1
Grenada,2024,0,1,0,0,0,0,0,0
Guatemala,2016,0,0,1,0,0,0,0,0
Guatemala,2017,0,0,0,0,0,0,1,0
Guatemala,2018,0,1,1,0,0,0,2,0
Guatemala,2020,1,0,1,0,0,0,0,0
Guatemala,2021,1,0,0,0,0,0,0,0
Guatemala,2022,0,0,1,0,0,0,0,0
Guatemala,2023,0,0,1,0,0,0,0,0
Guyana,2016,0,2,0,0,0,0,0,0
Guyana,2020,1,1,2,2,0,0,2,0
Guyana,2021,0,1,0,1,0,0,0,0
Haiti,2016,0,0,0,0,0,0,1,0
Haiti,2017,0,2,0,0,0,0,1,0
Haiti,2018,0,0,1,0,0,0,1,0
Haiti,2019,0,1,0,0,0,0,0,0
Haiti,2020,0,0,0,0,0,0,3,0
Haiti,2021,1,0,0,0,1,0,0,0
Haiti,2022,0,0,1,0,0,0,0,0
Haiti,2023,0,0,0,1,0,0,0,0
Honduras,2015,0,2,6,0,3,1,2,0
Honduras,2016,0,6,2,0,0,0,0,0
Honduras,2017,0,7,3,2,0,0,2,0
Honduras,2018,0,1,1,1,0,0,5,0
Honduras,2019,0,0,0,0,0,0,1,0
Honduras,2020,0,0,0,1,0,0,0,0
Hungary,2015,0,0,0,0,0,0,2,0
Hungary,2016,0,1,0,0,0,0,0,0
Hungary,2017,0,3,0,1,0,0,7,0
Hungary,2018,0,2,1,1,0,0,0,0
Hungary,2019,0,3,3,1,0,0,3,0
Hungary,2020,0,0,1,0,1,0,1,0
Hungary,2021,0,2,0,0,0,0,2,0
Hungary,2022,0,4,3,1,1,3,4,0
Hungary,2023,0,2,0,2,0,0,4,0
Hungary,2024,0,0,2,0,1,3,10,0
Iceland,2015,0,0,0,0,0,0,2,0
Iceland,2016,0,0,1,0,0,0,0,0
Iceland,2017,0,0,0,0,0,0,1,0
Iceland,2018,0,1,1,0,0,0,1,0
Iceland,2019,0,0,0,0,0,0,1,0
Iceland,2020,0,1,1,0,0,0,0,0
Iceland,2021,1,0,1,1,0,1,2,0
Iceland,2022,0,1,0,1,0,0,2,0
Iceland,2023,0,2,0,0,0,0,0,0
Iceland,2024,0,0,1,1,0,1,2,0
India,2015,1,20,30,1,2,25,42,6
India,2016,6,47,65,53,6,36,63,8
India,2017,11,127,251,78,10,54,194,8
India,2018,16,38,220,81,17,82,246,8
India,2019,21,60,232,61,16,102,276,21
India,2020,22,82,328,114,9,185,207,7
India,2021,64,132,466,72,29,210,282,8
India,2022,57,144,590,141,33,231,233,10
India,2023,43,136,405,91,31,147,224,12
India,2024,20,119,596,92,54,139,291,7
Indonesia,2015,1,6,13,3,1,2,25,3
Indonesia,2016,0,19,7,5,0,1,25,1
Indonesia,2017,0,18,24,3,1,0,19,0
Indonesia,2018,2,7,10,5,0,11,19,0
Indonesia,2019,0,8,11,7,0,0,19,0
Indonesia,2020,3,8,9,3,0,4,15,1
Indonesia,2021,3,11,14,4,0,10,24,2
Indonesia,2022,5,3,8,3,0,3,8,0
Indonesia,2023,3,10,9,0,2,2,17,1
Indonesia,2024,1,8,14,2,2,4,12,1
Iran,2015,0,1,0,1,0,0,1,0
Iran,2016,0,3,2,1,0,1,0,0
Iran,2017,0,5,5,0,0,0,1,0
Iran,2018,0,1,4,0,0,0,0,0
Iran,2019,0,2,2,0,0,1,3,0
Iran,2020,0,3,4,0,0,0,2,0
Iran,2021,2,5,2,0,0,0,1,0
Iran,2022,0,6,2,0,0,0,2,0
Iran,2023,1,6,6,2,0,0,2,0
Iran,2024,0,0,4,1,0,0,2,0
Iraq,2015,0,2,0,0,0,0,0,0
Iraq,2016,0,0,1,0,0,1,0,0
Iraq,2017,1,0,0,0,0,0,0,0
Iraq,2018,0,1,0,0,0,0,0,0
Iraq,2019,0,0,0,1,0,0,0,0
Iraq,2020,0,0,0,0,0,0,2,0
Iraq,2021,0,0,3,0,0,1,3,0
Iraq,2022,0,0,0,0,0,0,1,0
Iraq,2023,0,1,0,0,0,0,0,0
Iraq,2024,0,1,1,0,0,0,1,0
Ireland,2015,0,8,1,3,2,0,10,5
Ireland,2016,2,13,3,5,0,2,17,0
Ireland,2017,3,20,22,13,0,6,17,1
Ireland,2018,1,10,18,3,1,3,22,3
Ireland,2019,4,2,26,8,1,3,19,6
Ireland,2020,8,24,36,16,5,16,43,4
Ireland,2021,15,11,45,8,8,29,34,2
Ireland,2022,9,14,47,6,3,15,32,5
Ireland,2023,6,18,31,2,3,14,18,6
Ireland,2024,4,21,60,2,1,11,16,14
Israel,2015,2,1,0,0,0,1,1,0
Israel,2016,1,8,4,1,0,0,1,0
Israel,2017,0,6,3,0,0,0,6,0
Israel,2018,1,3,11,3,0,5,11,0
Israel,2019,3,2,7,7,0,1,2,0
Israel,2020,2,4,10,5,0,3,6,0
Israel,2021,4,6,23,0,1,2,22,0
Israel,2022,1,5,26,5,2,6,20,3
Israel,2023,3,8,15,7,4,2,11,1
Israel,2024,1,5,17,3,1,9,3,0
Italy,2015,1,14,7,6,0,1,12,0
Italy,2016,0,28,7,8,0,2,12,2
Italy,2017,1,45,49,16,1,3,30,1
Italy,2018,11,21,54,19,3,16,32,0
Italy,2019,11,32,65,26,3,5,36,1
Italy,2020,8,10,60,13,4,38,26,1
Italy,2021,16,18,69,9,4,21,41,2
Italy,2022,18,27,71,18,6,22,43,0
Italy,2023,2,26,68,13,3,14,21,0
Italy,2024,1,20,41,5,2,5,22,1
Jamaica,2015,0,1,1,0,0,0,0,0
Jamaica,2016,0,3,0,0,0,0,1,0
Jamaica,2017,0,0,1,0,0,0,2,0
Jamaica,2018,0,1,1,0,0,1,1,0
Jamaica,2019,0,0,4,0,0,0,2,0
Jamaica,2020,0,2,0,0,0,0,4,1
Jamaica,2021,2,0,2,1,0,0,7,0
Jamaica,2022,0,1,2,0,0,0,4,0
Jamaica,2023,0,1,2,1,0,1,5,0
Jamaica,2024,0,0,1,1,0,2,1,0
Japan,2015,0,8,3,1,0,4,13,1
Japan,2016,3,23,9,2,0,2,32,3
Japan,2017,2,14,21,3,0,2,31,3
Japan,2018,2,10,37,6,1,7,40,1
Japan,2019,4,10,30,12,3,3,57,2
Japan,2020,4,16,42,5,3,11,62,0
Japan,2021,23,29,91,24,3,23,56,0
Japan,2022,18,27,147,18,5,33,68,2
Japan,2023,8,39,87,7,8,25,52,3
Japan,2024,17,29,46,15,9,23,39,3
Jordan,2015,1,0,2,0,0,0,0,0
Jordan,2017,0,1,1,0,1,0,2,0
Jordan,2018,0,0,1,0,0,0,1,0
Jordan,2019,0,1,6,0,0,0,0,0
Jordan,2020,0,1,0,0,0,2,1,0
Jordan,2021,3,0,8,3,0,1,0,0
Jordan,2022,1,2,20,4,0,1,2,0
Jordan,2023,0,0,6,3,0,1,1,0
Jordan,2024,1,0,0,0,0,0,1,0
Kazakhstan,2015,0,0,1,0,0,0,3,0
Kazakhstan,2018,0,0,0,0,0,0,1,0
Kazakhstan,2019,0,0,0,0,0,1,0,0
Kazakhstan,2020,1,0,2,0,0,0,0,0
Kazakhstan,2021,0,2,0,0,0,0,0,0
Kenya,2015,0,1,0,0,1,0,5,1
Kenya,2016,16,1,0,5,1,0,9,0
Kenya,2017,0,26,28,11,1,6,12,0
Kenya,2018,0,5,12,2,1,2,14,1
Kenya,2019,0,2,7,1,0,1,13,0
Kenya,2020,3,5,4,3,2,6,2,1
Kenya,2021,3,3,12,4,0,4,7,0
Kenya,2022,1,8,36,1,7,9,7,1
Kenya,2023,3,13,33,4,1,15,12,0
Kenya,2024,3,13,38,5,1,8,11,1
Kiribati,2016,0,0,0,0,0,0,3,0
Kiribati,2019,0,0,0,0,0,0,2,0
Kiribati,2020,0,0,1,0,0,0,0,0
Kuwait,2015,0,1,0,0,0,0,0,0
Kuwait,2016,0,1,0,1,0,0,2,0
Kuwait,2017,0,2,4,2,0,0,4,1
Kuwait,2018,0,0,0,3,0,0,1,0
Kuwait,2020,0,1,0,1,0,0,0,0
Kuwait,2021,1,1,1,0,0,0,0,0
Kuwait,2022,0,2,2,1,1,0,0,0
Kuwait,2023,0,0,1,1,0,0,0,0
Kuwait,2024,0,1,0,0,0,0,2,0
Kyrgyzstan,2017,0,0,0,0,0,0,1,0
Kyrgyzstan,2019,0,0,1,0,0,0,0,0
Kyrgyzstan,2022,0,1,0,0,0,0,0,0
Kyrgyzstan,2023,0,0,1,0,0,0,0,0
Kyrgyzstan,2024,0,1,0,0,0,0,0,0
Laos,2017,0,1,1,0,0,0,0,0
Laos,2020,0,0,0,0,0,0,1,0
Laos,2021,0,0,0,0,0,1,0,0
Laos,2023,0,0,0,0,0,0,1,0
Laos,2024,0,2,1,0,1,0,0,0
Latvia,2015,0,0,0,0,0,0,2,0
Latvia,2016,0,0,0,0,0,0,1,1
Latvia,2017,0,2,0,1,0,1,6,0
Latvia,2018,0,0,0,0,0,1,2,0
Latvia,2019,0,1,1,0,0,1,1,0
Latvia,2020,0,2,2,1,0,1,5,0
Latvia,2021,1,3,6,0,0,2,4,0
Latvia,2022,3,2,7,6,0,0,4,0
Latvia,2023,0,1,1,0,0,1,3,1
Latvia,2024,1,2,0,0,0,0,3,0
Lebanon,2015,0,0,1,0,0,0,2,0
Lebanon,2016,0,0,0,3,0,0,1,0
Lebanon,2017,0,6,13,1,0,0,3,0
Lebanon,2018,0,2,0,1,1,1,2,0
Lebanon,2019,0,2,5,1,0,1,3,0
Lebanon,2020,0,1,1,1,0,0,1,0
Lebanon,2021,0,0,0,1,0,0,0,0
Lebanon,2022,1,1,3,1,0,0,3,1
Lebanon,2023,0,1,3,0,0,0,3,0
Lebanon,2024,0,2,4,2,0,1,2,0
Liberia,2021,0,0,0,1,0,0,0,0
Libya,2016,1,0,0,0,0,0,0,0
Libya,2020,0,1,0,0,0,0,0,0
Libya,2021,0,0,1,0,0,0,0,0
Libya,2023,0,0,0,1,0,0,0,0
Lithuania,2017,0,1,0,1,0,0,0,0
Lithuania,2018,0,2,1,0,0,0,2,0
Lithuania,2019,0,1,0,1,0,0,0,0
Lithuania,2020,0,0,2,0,0,0,0,0
Lithuania,2021,0,1,0,0,0,0,1,0
Lithuania,2022,0,1,3,2,0,1,2,0
Lithuania,2023,0,0,3,0,0,0,2,0
Lithuania,2024,1,2,0,0,0,0,0,0
Luxembourg,2015,0,0,0,0,0,0,1,0
Luxembourg,2016,0,1,0,0,0,0,0,0
Luxembourg,2017,0,2,0,0,0,1,3,0
Luxembourg,2018,0,0,3,2,0,1,2,0
Luxembourg,2019,0,0,3,0,0,1,4,0
Luxembourg,2020,0,0,1,0,0,0,0,0
Luxembourg,2021,0,0,1,0,0,0,1,0
Luxembourg,2022,2,1,2,0,0,2,2,0
Luxembourg,2023,0,0,3,0,0,1,1,0
Luxembourg,2024,0,2,8,0,1,0,8,0
Madagascar,2015,0,0,2,0,0,0,0,0
Madagascar,2019,0,0,0,0,0,0,1,0
Madagascar,2020,0,2,0,0,0,0,1,0
Madagascar,2021,0,0,0,0,0,0,1,0
Madagascar,2022,0,0,0,0,0,0,2,0
Madagascar,2023,0,0,0,0,0,1,1,0
Madagascar,2024,0,0,0,0,0,0,1,0
Malawi,2018,0,1,0,0,0,0,0,0
Malawi,2019,0,0,0,0,0,0,1,0
Malawi,2021,0,0,0,0,0,1,1,0
Malawi,2024,0,0,0,1,0,0,0,0
Malaysia,2015,2,2,7,0,0,0,18,0
Malaysia,2016,0,3,5,1,0,0,14,0
Malaysia,2017,0,8,19,6,2,1,9,1
Malaysia,2018,2,3,12,3,1,4,12,0
Malaysia,2019,3,6,24,4,2,7,20,0
Malaysia,2020,2,11,23,3,1,8,17,0
Malaysia,2021,4,6,25,4,1,7,8,0
Malaysia,2022,1,5,35,5,1,7,17,0
Malaysia,2023,3,15,21,5,4,7,18,0
Malaysia,2024,3,19,31,7,5,6,23,1
Maldives,2015,3,0,5,1,0,0,8,0
Maldives,2016,0,0,1,0,0,1,7,0
Maldives,2017,0,0,2,0,0,0,8,0
Maldives,2018,0,0,5,1,0,1,5,0
Maldives,2019,0,1,10,0,0,2,6,0
Maldives,2020,2,0,16,1,3,2,12,0
Maldives,2021,1,1,2,1,2,3,17,0
Maldives,2022,1,0,2,0,0,0,2,1
Maldives,2023,1,0,1,0,1,2,3,1
Maldives,2024,0,0,7,0,0,1,4,0
Mali,2020,0,0,1,0,0,0,0,0
Mali,2021,0,0,0,0,0,1,0,0
Malta,2015,0,0,1,0,0,6,2,0
Malta,2016,0,0,0,0,0,1,0,0
Malta,2017,0,0,0,0,0,0,1,0
Malta,2018,0,1,1,0,0,1,1,0
Malta,2019,0,0,0,0,0,1,1,0
Malta,2020,0,0,0,0,0,3,1,0
Malta,2021,0,0,0,0,0,13,0,0
Malta,2022,0,1,11,3,0,5,1,0
Malta,2023,0,1,3,0,0,2,2,0
Malta,2024,0,2,4,0,0,0,0,0
Marshall Islands,2020,0,0,0,0,0,0,1,0
Marshall Islands,2023,0,0,1,0,0,0,0,0
Mauritius,2017,0,0,0,0,0,0,2,0
Mauritius,2018,0,0,2,0,0,0,2,0
Mauritius,2020,0,0,1,0,0,0,0,0
Mauritius,2024,0,0,0,0,0,0,1,0
Mexico,2015,0,19,28,0,0,11,77,9
Mexico,2016,10,8,32,8,0,0,53,3
Mexico,2017,0,22,36,11,1,6,34,1
Mexico,2018,0,2,30,6,1,6,39,1
Mexico,2019,1,2,31,7,0,13,47,8
Mexico,2020,2,8,28,4,0,8,21,1
Mexico,2021,10,15,43,8,3,11,23,1
Mexico,2022,2,21,53,27,1,22,33,1
Mexico,2023,1,19,25,2,3,11,24,1
Mexico,2024,1,3,14,4,0,19,14,15
Moldova,2016,0,0,1,0,0,0,0,0
Moldova,2018,0,1,0,0,1,0,0,0
Moldova,2019,0,0,0,3,0,1,0,0
Moldova,2020,0,1,0,0,0,0,0,0
Moldova,2024,0,0,0,0,0,0,2,1
Monaco,2016,0,0,0,1,0,0,0,0
Monaco,2017,0,0,1,0,0,1,0,0
Monaco,2018,0,1,2,1,0,0,2,0
Monaco,2019,0,1,1,0,0,0,1,0
Monaco,2020,0,1,1,0,0,1,5,0
Monaco,2021,0,0,0,1,0,0,0,0
Monaco,2022,1,2,0,0,0,0,1,0
Monaco,2023,0,0,1,0,0,0,0,0
Monaco,2024,0,1,3,0,0,2,2,0
Mongolia,2016,0,1,0,0,0,0,1,0
Mongolia,2017,0,1,0,0,0,0,1,0
Mongolia,2019,0,0,1,0,0,0,0,0
Mongolia,2020,0,1,0,0,1,0,0,0
Mongolia,2021,0,0,1,0,0,1,3,0
Mongolia,2023,0,2,0,0,0,0,0,0
Mongolia,2024,0,0,3,2,0,0,1,0
Montenegro,2019,0,0,0,1,0,0,0,0
Montenegro,2021,0,1,0,0,0,0,0,0
Montenegro,2022,0,0,1,0,0,0,0,0
Montenegro,2024,0,1,0,0,1,0,0,0
Morocco,2016,0,1,1,0,0,0,2,0
Morocco,2017,1,0,1,0,0,0,3,0
Morocco,2018,0,0,2,0,0,0,1,0
Morocco,2019,0,0,0,0,0,0,1,0
Morocco,2020,0,0,0,0,0,0,3,0
Morocco,2021,1,0,3,0,2,0,0,0
Morocco,2022,0,1,4,0,0,2,2,1
Morocco,2023,0,0,0,0,0,0,1,0
Morocco,2024,0,1,5,2,0,1,1,0
Mozambique,2017,0,1,1,0,0,0,0,0
Mozambique,2018,1,0,0,1,0,0,0,0
Mozambique,2021,0,0,1,0,0,0,0,0
Myanmar,2020,0,1,0,0,0,0,0,0
Myanmar,2023,0,0,0,1,0,0,0,0
Namibia,2016,0,0,0,0,0,0,1,0
Namibia,2017,0,0,0,0,0,0,1,0
Namibia,2018,0,0,1,0,0,0,2,0
Namibia,2020,1,0,0,0,0,0,1,0
Namibia,2022,0,0,1,0,0,0,2,0
Namibia,2023,1,0,0,0,0,0,0,0
Namibia,2024,0,1,1,0,0,2,0,0
Nepal,2015,2,0,2,0,0,0,1,0
Nepal,2016,0,0,1,0,0,0,1,0
Nepal,2017,0,1,1,0,0,2,2,0
Nepal,2018,0,0,6,0,1,0,4,0
Nepal,2019,0,0,1,0,0,0,3,0
Nepal,2020,0,0,4,0,0,1,2,1
Nepal,2021,2,1,5,0,0,0,1,0
Nepal,2022,0,2,4,1,0,0,2,0
Nepal,2023,0,2,2,0,1,0,1,0
Nepal,2024,1,3,5,0,1,0,6,0
Netherlands,2015,2,13,1,2,0,0,11,0
Netherlands,2016,1,19,16,9,0,1,14,1
Netherlands,2017,5,37,30,17,0,8,31,0
Netherlands,2018,2,28,38,22,2,17,48,2
Netherlands,2019,14,32,105,38,3,18,66,0
Netherlands,2020,6,24,121,36,8,35,69,0
Netherlands,2021,31,52,200,49,14,44,100,1
Netherlands,2022,23,48,187,52,13,37,60,2
Netherlands,2023,15,59,152,26,10,22,55,3
Netherlands,2024,8,66,117,44,3,27,41,0
New Zealand,2015,1,2,3,1,0,1,9,1
New Zealand,2016,1,8,2,1,0,1,18,0
New Zealand,2017,1,7,3,4,0,0,20,0
New Zealand,2018,1,5,29,38,0,4,44,1
New Zealand,2019,2,6,15,4,1,5,34,0
New Zealand,2020,0,6,10,8,0,8,28,0
New Zealand,2021,4,9,11,8,4,8,27,0
New Zealand,2022,4,14,16,5,2,5,18,0
New Zealand,2023,3,17,11,8,3,3,26,1
New Zealand,2024,8,17,32,6,12,19,16,0
Nicaragua,2015,0,0,112,0,0,0,17,1
Nicaragua,2016,0,0,192,0,0,2,14,8
Nicaragua,2017,0,0,87,0,0,1,23,1
Nicaragua,2018,0,0,65,0,0,0,3,2
Nicaragua,2019,0,0,64,0,0,2,6,2
Nicaragua,2020,0,0,2,0,0,0,1,0
Nicaragua,2021,0,0,1,0,0,1,0,0
Nicaragua,2022,0,0,3,0,1,0,2,0
Nicaragua,2023,0,0,2,0,0,0,2,2
Nicaragua,2024,0,0,0,0,0,1,1,0
Nicaragua ,2017,0,0,1,0,0,0,0,0
Niger,2015,0,0,1,0,0,0,0,0
Niger,2016,0,0,1,0,0,0,1,0
Niger,2019,1,0,3,0,0,0,0,0
Niger,2020,0,0,1,0,0,0,0,0
Niger,2021,0,0,0,0,0,0,1,0
Niger,2024,0,0,0,0,0,0,2,0
Nigeria,2015,8,5,95,1,1,20,133,26
Nigeria,2016,6,6,19,5,0,19,48,5
Nigeria,2017,6,17,168,20,1,31,85,31
Nigeria,2018,18,11,58,21,2,33,287,34
Nigeria,2019,7,8,75,19,2,19,173,64
Nigeria,2020,5,14,33,6,3,22,78,12
Nigeria,2021,6,11,18,7,0,12,61,11
Nigeria,2022,2,11,41,13,3,20,74,29
Nigeria,2023,6,7,29,1,1,8,43,6
Nigeria,2024,2,8,42,8,6,25,41,4
North Korea,2018,0,0,1,0,0,0,0,0
North Korea,2019,0,0,0,1,0,0,0,0
North Korea,2020,0,1,0,0,0,0,0,0
North Korea,2021,0,0,1,0,0,0,1,0
North Korea,2022,0,0,0,0,0,0,1,0
North Korea,2023,0,2,1,0,0,1,1,0
North Macedonia,2017,0,0,0,0,0,0,2,0
North Macedonia,2018,0,0,0,0,0,0,1,0
North Macedonia,2019,0,0,0,2,0,0,0,0
North Macedonia,2020,0,0,0,0,0,1,2,0
North Macedonia,2021,0,0,0,0,2,1,0,0
North Macedonia,2023,0,1,0,0,0,0,0,0
Norway,2015,0,3,0,0,0,0,3,0
Norway,2016,0,4,1,2,0,0,4,1
Norway,2017,0,5,5,6,0,0,6,0
Norway,2018,1,3,4,1,0,2,6,0
Norway,2019,1,4,0,0,0,0,15,1
Norway,2020,0,4,1,0,0,2,10,0
Norway,2021,2,2,12,4,8,3,7,0
Norway,2022,2,9,6,1,0,2,14,1
Norway,2023,1,5,4,1,1,2,5,0
Norway,2024,0,5,5,3,1,3,12,0
Oman,2015,0,0,0,0,0,1,0,0
Oman,2016,0,0,4,2,0,1,2,0
Oman,2017,0,0,1,0,0,0,0,0
Oman,2018,0,1,1,0,0,0,0,0
Oman,2019,0,0,1,0,0,0,1,0
Oman,2020,0,1,0,0,0,0,1,0
Oman,2021,0,0,0,0,0,0,2,0
Oman,2022,1,1,0,0,0,1,1,0
Oman,2023,0,0,1,0,0,0,0,0
Oman,2024,0,0,7,1,0,0,0,0
Pakistan,2015,0,5,3,0,0,0,4,0
Pakistan,2016,0,14,2,6,0,1,4,0
Pakistan,2017,0,16,21,9,2,4,21,0
Pakistan,2018,1,9,12,4,0,3,22,0
Pakistan,2019,2,8,18,14,1,3,16,0
Pakistan,2020,0,2,23,5,0,14,18,2
Pakistan,2021,3,4,26,9,1,14,18,0
Pakistan,2022,4,19,44,13,1,14,21,4
Pakistan,2023,6,10,56,1,3,31,74,6
Pakistan,2024,2,20,33,5,7,7,30,1
Palau,2018,0,0,0,0,0,0,1,0
Palau,2019,0,0,0,0,0,0,2,0
Palau,2023,0,0,0,0,0,0,1,0
Palau,2024,0,1,0,0,0,0,0,0
Panama,2015,0,0,2,0,0,1,2,0
Panama,2016,0,1,12,0,0,1,0,0
Panama,2017,0,1,1,0,1,3,1,0
Panama,2018,0,0,2,0,0,1,6,0
Panama,2019,0,1,0,0,0,0,1,0
Panama,2020,0,0,3,0,0,1,3,0
Panama,2021,1,1,0,0,0,0,1,0
Panama,2022,1,2,2,0,0,0,6,0
Panama,2023,0,1,1,0,0,2,3,0
Panama,2024,0,1,2,0,1,1,3,0
Papua New Guinea,2016,0,0,0,0,0,0,1,0
Papua New Guinea,2017,0,0,0,1,0,0,0,0
Papua New Guinea,2018,0,0,0,0,0,0,9,0
Papua New Guinea,2019,1,0,0,1,0,0,9,0
Papua New Guinea,2020,0,0,0,0,0,0,6,0
Papua New Guinea,2022,0,0,1,0,0,0,0,0
Paraguay,2015,0,0,0,0,0,0,1,0
Paraguay,2016,0,0,0,0,0,0,1,0
Paraguay,2017,0,1,0,0,0,0,1,0
Paraguay,2018,0,0,1,0,0,0,0,0
Paraguay,2019,0,0,0,0,0,0,2,0
Paraguay,2020,0,0,0,1,0,0,0,0
Peru,2015,0,0,1,0,0,0,2,0
Peru,2016,0,0,0,0,0,1,0,0
Peru,2017,0,2,2,0,0,3,3,0
Peru,2018,0,0,1,1,0,6,4,0
Peru,2019,0,1,0,1,0,2,3,0
Peru,2020,0,1,0,0,0,0,1,0
Peru,2021,1,1,1,2,1,3,4,0
Peru,2022,0,0,2,0,1,0,2,0
Peru,2023,0,1,0,0,0,0,1,0
Peru,2024,1,1,10,1,0,5,0,0
Philippines,2015,1,8,1,0,1,1,23,0
Philippines,2016,0,2,2,4,1,1,7,1
Philippines,2017,1,13,14,5,1,3,23,0
Philippines,2018,3,5,14,11,0,2,30,0
Philippines,2019,1,9,16,7,1,3,21,0
Philippines,2020,0,4,9,4,1,4,19,1
Philippines,2021,4,11,20,3,2,3,30,0
Philippines,2022,2,10,21,7,0,4,14,1
Philippines,2023,3,48,25,5,2,6,13,1
Philippines,2024,1,25,22,3,0,5,18,0
Poland,2015,0,4,1,0,0,0,7,1
Poland,2016,1,0,3,2,0,0,3,0
Poland,2017,1,8,11,1,0,1,7,1
Poland,2018,0,4,2,2,0,7,5,4
Poland,2019,3,5,5,2,0,1,8,0
Poland,2020,1,6,10,1,1,4,20,2
Poland,2021,6,3,9,1,0,3,14,1
Poland,2022,1,5,4,1,2,2,22,1
Poland,2023,0,5,12,1,3,3,24,1
Poland,2024,3,4,7,3,0,3,8,2
Portugal,2015,3,4,1,0,0,0,3,0
Portugal,2016,0,6,3,2,1,0,2,0
Portugal,2017,1,10,14,6,0,6,7,0
Portugal,2018,1,2,12,5,0,5,8,0
Portugal,2019,4,6,28,5,0,2,34,0
Portugal,2020,0,6,21,11,0,24,26,1
Portugal,2021,8,16,33,43,4,17,26,0
Portugal,2022,4,2,12,3,3,5,8,1
Portugal,2023,4,9,8,1,0,3,13,1
Portugal,2024,9,9,12,5,1,4,10,0
Qatar,2015,0,0,0,0,0,0,1,0
Qatar,2017,2,0,4,2,0,0,3,1
Qatar,2018,0,0,1,1,0,0,3,0
Qatar,2019,1,2,8,2,1,2,14,0
Qatar,2020,0,1,2,3,0,1,4,0
Qatar,2021,0,3,5,2,0,5,6,1
Qatar,2022,0,1,4,1,0,0,0,0
Qatar,2023,0,0,1,0,0,0,0,0
Qatar,2024,0,1,14,2,0,2,1,1
Romania,2015,0,2,0,0,0,0,0,0
Romania,2016,0,4,3,3,0,0,2,0
Romania,2017,1,4,4,3,0,0,11,0
Romania,2018,0,4,4,2,0,0,3,0
Romania,2019,3,0,13,1,0,0,13,0
Romania,2020,0,1,1,1,0,2,2,0
Romania,2021,4,6,0,6,1,1,2,0
Romania,2022,0,3,2,1,0,1,3,1
Romania,2023,0,2,14,2,1,3,4,1
Romania,2024,1,1,9,1,0,1,8,0
Russia,2015,0,1,1,0,0,0,4,0
Russia,2016,1,11,5,5,0,2,5,0
Russia,2017,2,4,6,1,0,0,6,0
Russia,2018,0,4,7,1,1,5,2,0
Russia,2019,1,2,4,1,0,1,7,0
Russia,2020,0,12,5,0,0,1,6,2
Russia,2021,4,15,14,7,1,7,12,1
Russia,2022,3,32,31,0,2,4,6,0
Russia,2023,1,10,13,6,2,2,17,1
Russia,2024,0,19,17,8,0,1,9,0
Rwada,2024,0,1,0,0,0,0,0,0
Rwanda,2015,0,0,0,0,0,0,1,0
Rwanda,2017,0,0,0,0,0,0,1,0
Rwanda,2020,0,0,0,0,0,0,3,0
Rwanda,2021,0,0,1,0,0,1,0,0
Rwanda,2022,2,0,2,0,1,1,1,0
Rwanda,2023,0,0,2,0,0,0,0,0
Rwanda,2024,1,2,2,0,0,1,0,0
San Marino,2019,0,0,1,0,0,0,0,0
San Marino,2020,0,0,1,2,0,2,0,0
San Marino,2021,0,0,3,0,0,1,1,0
San Marino,2022,0,0,1,2,0,0,0,0
San Marino,2023,0,0,0,0,0,1,0,0
San Marino,2024,0,0,0,0,0,1,0,0
Saudi Arabia,2015,0,1,1,0,0,0,1,1
Saudi Arabia,2016,1,0,0,0,0,0,1,1
Saudi Arabia,2017,0,2,2,2,0,1,14,1
Saudi Arabia,2018,0,2,1,2,1,0,7,0
Saudi Arabia,2019,1,0,4,0,0,2,7,0
Saudi Arabia,2020,2,4,9,3,2,5,11,0
Saudi Arabia,2021,2,3,16,4,1,0,6,0
Saudi Arabia,2022,2,6,17,4,0,7,7,0
Saudi Arabia,2023,4,2,30,2,1,6,15,0
Saudi Arabia,2024,5,3,54,10,0,17,21,0
Senegal,2015,0,0,0,0,0,0,1,0
Senegal,2018,0,0,0,0,1,0,0,0
Senegal,2020,0,1,0,0,0,0,0,0
Senegal,2021,0,0,0,0,0,0,1,0
Senegal,2022,0,0,1,1,0,0,2,0
Senegal,2023,0,1,3,0,0,1,0,2
Senegal,2024,0,0,0,0,0,1,0,0
Serbia,2015,0,1,0,0,0,0,2,0
Serbia,2016,0,1,3,0,0,0,0,0
Serbia,2017,0,1,1,0,0,0,2,0
Serbia,2018,0,0,0,0,0,0,1,0
Serbia,2019,1,0,1,0,0,0,0,0
Serbia,2020,0,0,3,0,0,0,3,0
Serbia,2021,1,2,0,0,0,1,2,0
Serbia,2022,0,4,6,0,0,0,1,1
Serbia,2023,0,2,2,1,0,1,2,0
Serbia,2024,1,1,1,0,0,0,3,0
Seychelles,2016,0,0,0,0,0,0,1,0
Seychelles,2018,0,0,0,0,1,0,1,0
Seychelles,2021,0,0,0,0,0,0,1,0
Seychelles,2023,0,0,0,0,0,0,2,0
Seychelles,2024,0,0,0,0,0,0,1,0
Sierra Leone,2018,0,0,0,0,0,0,1,0
Sierra Leone,2020,0,0,0,1,0,0,0,0
Sierra Leone,2021,0,0,1,0,0,0,0,0
Sierra Leone,2023,0,0,0,1,0,0,0,0
Sierra Leone,2024,0,0,0,0,0,0,1,0
Singapore,2015,1,2,3,1,0,0,3,0
Singapore,2016,0,15,4,8,0,0,3,0
Singapore,2017,0,5,15,7,1,5,14,1
Singapore,2018,3,5,30,8,3,4,19,0
Singapore,2019,3,5,48,10,0,3,39,0
Singapore,2020,3,5,37,2,0,10,19,0
Singapore,2021,7,12,71,10,6,32,22,0
Singapore,2022,3,5,71,13,2,18,40,2
Singapore,2023,7,20,68,13,3,22,9,1
Singapore,2024,0,11,51,8,0,17,19,0
Slovakia,2016,0,0,0,0,3,0,1,0
Slovakia,2017,0,0,0,0,6,1,0,0
Slovakia,2018,0,2,1,0,0,0,0,0
Slovakia,2019,1,3,2,0,0,2,1,0
Slovakia,2020,0,0,0,1,0,0,1,0
Slovakia,2021,0,1,0,0,0,0,0,0
Slovakia,2022,1,0,0,1,0,0,1,0
Slovakia,2023,0,3,0,0,0,1,0,0
Slovakia,2024,0,1,1,1,0,1,1,0
Slovenia,2016,0,1,0,1,0,0,0,0
Slovenia,2017,0,1,4,0,0,0,1,0
Slovenia,2018,0,2,1,1,0,0,2,0
Slovenia,2019,0,0,2,0,1,3,0,0
Slovenia,2020,0,1,3,3,0,0,1,0
Slovenia,2021,0,0,2,0,6,1,1,0
Slovenia,2022,0,5,3,0,0,0,5,0
Slovenia,2023,0,0,1,0,1,0,0,0
Slovenia,2024,0,0,2,0,0,1,1,0
Solomon Islands,2015,0,0,0,0,0,0,2,0
Solomon Islands,2017,0,0,0,0,0,0,2,0
Solomon Islands,2018,0,0,0,0,0,0,6,0
Solomon Islands,2019,0,0,0,0,0,0,6,0
Solomon Islands,2020,0,0,4,0,0,1,7,0
Solomon Islands,2022,0,0,0,0,0,0,5,0
Solomon Islands,2024,0,2,0,0,0,0,1,0
Somalia,2016,0,0,0,0,1,0,2,0
Somalia,2017,0,1,0,1,0,0,1,0
Somalia,2018,0,1,1,0,0,0,0,0
Somalia,2019,0,0,0,0,0,1,0,0
Somalia,2020,0,0,1,0,0,0,0,1
Somalia,2021,0,0,0,0,0,0,1,0
Somalia,2023,0,1,1,0,0,0,0,0
Somalia,2024,0,0,0,0,0,0,1,0
South Africa,2015,2,8,3,5,1,3,16,1
South Africa,2016,3,13,10,12,0,0,20,1
South Africa,2017,3,11,26,9,0,4,41,0
South Africa,2018,0,7,22,10,0,5,51,2
South Africa,2019,1,14,28,15,2,12,67,10
South Africa,2020,0,13,28,12,1,22,56,6
South Africa,2021,8,11,18,8,2,3,31,5
South Africa,2022,4,15,32,5,1,10,41,5
South Africa,2023,5,10,23,7,3,6,31,9
South Africa,2024,4,12,31,5,2,15,32,2
South Korea,2015,0,1,2,0,0,2,1,0
South Korea,2016,1,5,0,3,0,0,1,1
South Korea,2017,1,8,8,5,0,1,9,0
South Korea,2018,6,11,15,10,2,3,6,0
South Korea,2019,3,3,17,13,0,4,4,0
South Korea,2020,4,6,29,8,0,12,13,1
South Korea,2021,4,7,38,4,1,17,18,2
South Korea,2022,4,7,48,4,0,5,8,0
South Korea,2023,0,5,44,12,0,7,8,0
South Korea,2024,0,6,43,5,0,6,4,2
Spain,2015,6,25,41,5,0,2,32,3
Spain,2016,4,24,33,9,0,6,51,6
Spain,2017,4,43,63,25,2,14,56,5
Spain,2018,9,20,64,38,4,20,67,9
Spain,2019,10,20,72,24,4,5,68,8
Spain,2020,10,15,89,19,2,44,55,6
Spain,2021,24,36,118,18,5,40,47,12
Spain,2022,12,72,100,30,1,29,55,4
Spain,2023,6,54,86,19,3,33,69,10
Spain,2024,9,27,63,23,3,24,61,6
Sri Lanka,2015,0,0,3,2,0,0,10,0
Sri Lanka,2016,2,1,0,0,0,0,7,0
Sri Lanka,2017,0,1,0,0,0,0,10,0
Sri Lanka,2018,0,0,2,1,0,1,4,0
Sri Lanka,2019,0,0,3,0,0,0,5,0
Sri Lanka,2020,0,0,1,0,0,0,5,0
Sri Lanka,2021,2,2,3,2,0,0,3,0
Sri Lanka,2022,0,0,0,0,0,1,1,0
Sri Lanka,2023,1,0,3,5,0,0,5,0
Sri Lanka,2024,0,3,24,1,1,3,6,0
Sudan,2016,0,1,0,0,0,0,0,0
Sudan,2017,0,0,0,0,0,0,1,0
Sudan,2019,0,1,0,0,0,0,0,0
Sudan,2020,0,0,0,0,0,0,2,0
Sudan,2021,0,0,0,0,0,0,1,0
Sudan,2023,0,1,0,0,0,0,1,0
Sudan,2024,0,0,1,0,0,1,0,0
Suriname,2024,0,0,0,0,0,0,1,0
Sweden,2015,1,8,1,0,0,0,4,0
Sweden,2016,0,8,5,0,0,1,7,0
Sweden,2017,1,11,2,7,0,1,12,0
Sweden,2018,1,5,9,4,0,1,12,0
Sweden,2019,0,6,12,3,1,2,14,0
Sweden,2020,2,3,6,6,0,4,15,0
Sweden,2021,2,9,23,9,3,9,20,1
Sweden,2022,5,8,33,9,2,9,66,3
Sweden,2023,7,18,15,3,0,4,35,5
Sweden,2024,3,8,16,5,0,4,18,1
Switzerland,2015,0,3,2,0,0,4,10,0
Switzerland,2016,1,20,35,3,0,0,5,0
Switzerland,2017,4,21,22,8,2,2,26,0
Switzerland,2018,3,25,48,19,3,12,30,1
Switzerland,2019,3,21,47,19,5,7,44,2
Switzerland,2020,2,19,39,10,1,12,24,0
Switzerland,2021,11,21,53,20,2,27,34,1
Switzerland,2022,9,18,74,22,8,31,31,2
Switzerland,2023,11,23,60,18,3,35,29,6
Switzerland,2024,4,33,100,22,8,46,25,0
Syria,2018,0,0,0,0,0,0,2,0
Syria,2019,0,0,0,1,0,0,0,0
Syria,2023,1,0,0,0,0,0,0,0
Tanzania,2015,0,0,0,0,0,0,1,0
Tanzania,2016,0,0,0,0,0,0,1,0
Tanzania,2018,2,0,0,0,0,1,3,0
Tanzania,2019,0,0,0,0,0,0,3,0
Tanzania,2020,0,1,0,0,0,0,2,0
Tanzania,2021,0,0,1,0,0,1,1,1
Tanzania,2022,0,1,0,0,0,1,1,0
Tanzania,2023,0,0,1,0,0,2,4,0
Tanzania,2024,0,0,3,0,0,1,0,0
Thailand,2015,1,2,3,1,0,0,2,3
Thailand,2016,1,4,2,3,0,0,2,0
Thailand,2017,0,3,6,10,0,1,10,1
Thailand,2018,2,6,6,2,0,0,8,3
Thailand,2019,0,3,5,1,0,2,7,0
Thailand,2020,0,7,8,4,0,3,6,0
Thailand,2021,1,4,5,1,1,2,4,2
Thailand,2022,1,3,2,1,0,3,2,0
Thailand,2023,5,10,15,3,0,8,9,0
Thailand,2024,0,13,50,8,1,10,14,0
Togo,2019,0,0,0,0,0,0,1,0
Togo,2023,0,0,1,0,0,0,0,0
Tonga,2022,0,0,0,0,0,0,1,0
Trinidad and Tobago,2016,0,1,1,0,0,0,0,0
Trinidad and Tobago,2017,0,0,1,0,0,0,5,0
Trinidad and Tobago,2018,0,0,0,1,0,0,2,0
Trinidad and Tobago,2019,0,0,2,0,0,0,4,0
Trinidad and Tobago,2020,0,0,0,1,1,0,5,0
Trinidad and Tobago,2022,0,1,0,0,0,0,5,0
Trinidad and Tobago,2023,0,3,0,1,0,0,2,0
Trinidad and Tobago,2024,0,0,3,0,0,0,3,0
Tunisia,2015,0,0,2,0,0,0,0,0
Tunisia,2017,0,3,4,0,0,0,1,0
Tunisia,2018,0,1,0,0,0,0,0,0
Tunisia,2020,0,0,1,0,0,0,4,0
Tunisia,2021,0,3,3,0,0,0,3,0
Tunisia,2022,1,1,1,0,0,1,1,0
Tunisia,2023,0,1,1,1,0,0,0,0
Tunisia,2024,0,0,0,0,0,0,1,0
Turkey,2015,0,5,9,2,0,0,3,0
Turkey,2016,0,3,4,2,0,1,6,0
Turkey,2017,3,12,12,5,0,1,10,0
Turkey,2018,2,5,11,5,0,4,4,0
Turkey,2019,5,8,12,4,0,0,9,0
Turkey,2020,0,7,16,6,0,8,6,0
Turkey,2021,4,12,16,6,1,9,17,0
Turkey,2022,3,11,20,4,0,7,27,1
Turkey,2023,1,16,21,8,2,5,31,0
Turkey,2024,6,19,39,7,3,7,10,0
Turkmenistan,2020,0,1,0,0,0,0,0,0
Tuvalu,2019,0,0,0,0,0,0,1,0
Tuvalu,2022,0,0,0,0,0,1,0,0
Uganda,2015,4,0,2,0,1,0,5,0
Uganda,2016,7,0,4,0,0,0,3,2
Uganda,2017,6,0,5,0,0,1,4,0
Uganda,2018,7,0,9,0,1,2,10,1
Uganda,2019,13,1,1,0,1,2,13,3
Uganda,2020,1,0,2,0,0,4,8,2
Uganda,2021,3,0,7,1,1,6,15,1
Uganda,2022,8,0,14,1,2,6,18,0
Uganda,2023,5,3,14,1,1,2,9,2
Uganda,2024,29,0,7,1,3,1,24,6
Ukraine,2015,0,0,0,0,0,0,2,0
Ukraine,2016,0,10,0,1,0,0,3,0
Ukraine,2017,0,3,1,1,0,0,8,0
Ukraine,2018,0,7,0,1,0,0,3,0
Ukraine,2019,0,1,1,2,0,0,3,0
Ukraine,2020,0,5,3,1,1,2,2,0
Ukraine,2021,1,1,5,1,0,4,4,0
Ukraine,2022,6,11,9,1,4,1,3,1
Ukraine,2023,0,7,7,0,0,3,6,0
Ukraine,2024,1,7,8,0,0,4,8,0
United Arab Emirates,2015,2,0,3,0,1,1,2,0
United Arab Emirates,2016,3,4,3,7,0,1,7,0
United Arab Emirates,2017,0,8,72,57,1,8,96,0
United Arab Emirates,2018,1,16,32,22,4,9,48,0
United Arab Emirates,2019,0,10,29,10,0,8,37,0
United Arab Emirates,2020,2,5,39,7,1,18,54,4
United Arab Emirates,2021,4,7,55,13,1,14,21,2
United Arab Emirates,2022,5,12,94,14,2,26,41,0
United Arab Emirates,2023,10,22,131,18,7,17,84,14
United Arab Emirates,2024,7,23,280,29,10,44,94,7
United Kingdom,2015,24,134,85,26,13,19,169,14
United Kingdom,2016,26,188,121,119,5,19,166,6
United Kingdom,2017,15,262,430,167,52,171,465,8
United Kingdom,2018,56,248,659,217,62,187,609,12
United Kingdom,2019,111,271,730,217,38,250,612,22
United Kingdom,2020,106,312,790,168,40,388,738,19
United Kingdom,2021,171,495,1291,252,109,507,767,31
United Kingdom,2022,189,469,1332,297,73,425,752,41
United Kingdom,2023,157,532,1292,279,59,429,613,25
United Kingdom,2024,120,471,1198,246,87,379,463,19
United States of America,2015,100,483,413,110,106,236,1901,365
United States of America,2016,157,815,834,457,126,273,1857,427
United States of America,2017,298,938,1658,607,133,476,2829,344
United States of America,2018,318,755,1854,806,135,638,2731,407
United States of America,2019,382,807,2242,810,193,774,3577,527
United States of America,2020,444,704,2454,798,197,1309,2966,338
United States of America,2021,684,1214,4080,1274,685,2403,3241,275
United States of America,2022,586,1254,4601,1338,596,2395,3521,276
United States of America,2023,421,1133,3796,945,485,1687,2868,234
United States of America,2024,284,1045,3103,955,480,1663,2277,231
Uruguay,2015,0,1,0,0,0,0,1,0
Uruguay,2016,0,1,0,0,0,0,2,0
Uruguay,2017,0,1,0,0,0,0,0,0
Uruguay,2019,0,0,0,0,0,0,2,0
Uruguay,2020,0,0,0,0,0,0,1,0
Uruguay,2021,0,1,1,0,0,0,2,0
Uruguay,2022,0,0,2,3,0,1,0,0
Uruguay,2023,0,0,0,0,0,0,1,0
Uzbekistan,2023,0,1,1,0,0,0,0,0
Vanuatu,2015,0,0,0,0,0,0,1,0
Vanuatu,2021,0,1,0,0,0,0,2,0
Vanuatu,2022,2,0,0,0,0,0,3,0
Vanuatu,2023,1,0,1,0,0,1,0,0
Vanuatu,2024,4,0,2,0,0,0,0,0
Venezuela,2015,2,4,16,2,0,2,8,1
Venezuela,2016,2,8,4,4,0,1,7,0
Venezuela,2017,1,4,5,3,0,2,6,1
Venezuela,2018,0,2,10,3,1,7,11,0
Venezuela,2019,3,4,6,1,1,2,10,0
Venezuela,2020,3,5,6,4,0,4,6,2
Venezuela,2021,6,1,3,1,0,2,4,0
Venezuela,2022,1,1,11,7,0,7,13,0
Venezuela,2023,6,4,18,6,0,6,15,1
Venezuela,2024,15,11,114,18,6,34,81,2
Vietnam,2015,0,0,7,0,0,0,7,0
Vietnam,2016,0,1,2,0,0,0,0,0
Vietnam,2017,0,2,0,0,0,0,2,0
Vietnam,2018,0,2,1,2,0,0,4,0
Vietnam,2019,0,1,3,0,0,1,3,0
Vietnam,2020,0,0,5,1,1,0,3,0
Vietnam,2021,5,3,9,2,0,5,6,0
Vietnam,2022,2,2,13,0,0,1,8,0
Vietnam,2023,2,4,1,2,0,3,4,0
Vietnam,2024,1,2,5,1,0,0,4,0
Yemen,2017,0,3,0,0,0,0,0,0
Yemen,2018,0,2,0,0,0,0,0,0
Yemen,2021,0,0,0,0,0,0,0,1
Yemen,2023,0,0,0,1,1,0,0,0
Yemen,2024,0,0,0,1,0,0,0,0
Zambia,2015,0,0,0,0,0,0,3,0
Zambia,2016,0,0,0,0,0,0,2,0
Zambia,2017,0,0,1,1,0,0,2,0
Zambia,2018,0,3,2,0,0,0,0,1
Zambia,2019,0,0,2,0,0,0,1,0
Zambia,2020,0,0,0,0,0,0,2,0
Zambia,2021,0,0,0,0,0,0,2,0
Zambia,2022,0,0,0,0,0,0,1,0
Zimbabwe,2017,0,0,1,0,0,1,0,0
Zimbabwe,2018,0,0,1,0,1,0,4,0
Zimbabwe,2019,0,1,2,0,0,1,0,0
Zimbabwe,2020,0,0,2,0,0,1,1,1
Zimbabwe,2021,0,0,1,0,0,0,1,0
Zimbabwe,2022,0,0,1,0,0,1,0,0
Zimbabwe,2023,0,0,1,0,0,1,1,1
